{
  "check": "cos(published_axis, default - mean(published_roles)) per layer",
  "n_roles": 274,
  "cosine_per_layer": [
    0.9991430044174194,
    0.9995964765548706,
    0.999565839767456,
    0.9994811415672302,
    0.999617338180542,
    0.999808132648468,
    0.9997847676277161,
    0.9998016357421875,
    0.9997994899749756,
    0.9998632073402405,
    0.9998552203178406,
    0.9998600482940674,
    0.9998852014541626,
    0.9999206066131592,
    0.9999192357063293,
    0.9999306201934814,
    0.9999039769172668,
    0.9998994469642639,
    0.9999503493309021,
    0.9999551773071289,
    0.9999445676803589,
    0.9999147057533264,
    0.9999048113822937,
    0.9999593496322632,
    0.9999176263809204,
    0.999958336353302,
    0.9999434947967529,
    0.9998213052749634,
    0.9999654293060303,
    0.999955952167511,
    0.9998886585235596,
    0.9999582767486572,
    0.9999337196350098,
    0.9998992681503296,
    0.9999418258666992,
    0.9999489784240723,
    0.9999464750289917,
    0.9999666213989258,
    0.99997478723526,
    0.9999722242355347,
    0.9999659061431885,
    0.9999697208404541,
    0.9999661445617676,
    0.9999570250511169,
    0.999967098236084,
    0.9999542832374573,
    0.9999686479568481,
    0.9999462366104126,
    0.9999489784240723,
    0.9999657869338989,
    0.9999604225158691,
    0.9999639391899109,
    0.999967634677887,
    0.9999555349349976,
    0.9999731183052063,
    0.9999619126319885,
    0.9999682307243347,
    0.9999674558639526,
    0.999968409538269,
    0.9999616146087646,
    0.9999276399612427,
    0.99996417760849,
    0.9999593496322632,
    0.999966025352478,
    0.9999685287475586,
    0.9999704360961914,
    0.9999643564224243,
    0.9999393224716187,
    0.9997949600219727,
    0.9998388290405273,
    0.9999127984046936,
    0.9997891187667847,
    0.999855101108551,
    0.9999275207519531,
    0.9998636245727539,
    0.9999480843544006,
    0.9999399781227112,
    0.9998201131820679,
    0.9999116063117981,
    0.9999774694442749
  ],
  "cosine_at_target": 0.9999659061431885,
  "cosine_min": 0.9991430044174194,
  "cosine_mean": 0.9998968839645386
}