{
  "n_roles_requested": 30,
  "n_roles_with_pos3": 30,
  "n_questions": 40,
  "n_prompts": 2,
  "n_default_vecs": 80,
  "cosine_per_layer": [
    0.8981847167015076,
    0.9118807911872864,
    0.9088245034217834,
    0.9045047760009766,
    0.8982456922531128,
    0.8936423659324646,
    0.8905143737792969,
    0.8912064433097839,
    0.8879658579826355,
    0.8825500011444092,
    0.8765633702278137,
    0.8722561597824097,
    0.8772295117378235,
    0.8825130462646484,
    0.8921507596969604,
    0.9074661135673523,
    0.9056053161621094,
    0.903677225112915,
    0.9040063619613647,
    0.8933306932449341,
    0.8844805359840393,
    0.8793618679046631,
    0.8747020959854126,
    0.8663774728775024,
    0.8684065341949463,
    0.8663946986198425,
    0.8641233444213867,
    0.86913001537323,
    0.8782827854156494,
    0.8821980357170105,
    0.8803544044494629,
    0.8829918503761292,
    0.8845552206039429,
    0.8824889063835144,
    0.8898782134056091,
    0.8830210566520691,
    0.8803361654281616,
    0.8705262541770935,
    0.8645530343055725,
    0.8616158962249756,
    0.8624232411384583,
    0.854539155960083,
    0.848148763179779,
    0.8443331718444824,
    0.8459322452545166,
    0.846606969833374,
    0.8442420363426208,
    0.8347029685974121,
    0.8334487676620483,
    0.8346343040466309,
    0.8323795795440674,
    0.8307474851608276,
    0.8327646255493164,
    0.8297902345657349,
    0.8237060308456421,
    0.8208267688751221,
    0.8178303241729736,
    0.8148211240768433,
    0.8152137994766235,
    0.8147048354148865,
    0.8142940402030945,
    0.8143690228462219,
    0.8161595463752747,
    0.8199699521064758,
    0.8206430077552795,
    0.82118821144104,
    0.8229589462280273,
    0.8227661848068237,
    0.8262320160865784,
    0.8285754919052124,
    0.835098922252655,
    0.8316076993942261,
    0.8231791853904724,
    0.8356778025627136,
    0.8470754623413086,
    0.8430055975914001,
    0.8413841724395752,
    0.8425825834274292,
    0.8503228425979614,
    0.8525945544242859
  ],
  "cosine_at_target": 0.8624232411384583,
  "cosine_mean": 0.8585947155952454
}