{
  "random_cosine_band": 0.03314563036811941,
  "at_target": {
    "cos_u_a": 6.348919123411179e-05,
    "cos_u_contrast": 0.9327284693717957,
    "cos_ulast_a": 0.10142329335212708
  },
  "grid": {
    "20": {
      "cos_u_a": -0.06626345217227936,
      "cos_u_contrast": 0.9188538789749146,
      "cos_ulast_a": 0.059288524091243744
    },
    "30": {
      "cos_u_a": -0.03499704226851463,
      "cos_u_contrast": 0.9298226237297058,
      "cos_ulast_a": 0.09646295756101608
    },
    "40": {
      "cos_u_a": 6.348919123411179e-05,
      "cos_u_contrast": 0.9327284693717957,
      "cos_ulast_a": 0.10142329335212708
    },
    "50": {
      "cos_u_a": 0.08086910098791122,
      "cos_u_contrast": 0.9146935939788818,
      "cos_ulast_a": 0.11117550730705261
    },
    "60": {
      "cos_u_a": 0.11789818853139877,
      "cos_u_contrast": 0.8904833197593689,
      "cos_ulast_a": 0.1152237057685852
    }
  },
  "per_layer_cos_u_a": [
    -0.33782947063446045,
    -0.4396514594554901,
    -0.4636145830154419,
    -0.4275956451892853,
    -0.393046498298645,
    -0.33214256167411804,
    -0.3423342704772949,
    -0.32999446988105774,
    -0.28519099950790405,
    -0.2395055741071701,
    -0.12649014592170715,
    -0.13093076646327972,
    -0.19556161761283875,
    -0.24625636637210846,
    -0.2984960377216339,
    -0.3166549503803253,
    -0.3273538649082184,
    -0.2636079788208008,
    -0.24196401238441467,
    -0.11823639273643494,
    -0.06626345217227936,
    0.035712238401174545,
    0.046208858489990234,
    0.11577124893665314,
    0.1355743557214737,
    0.1288970559835434,
    0.07981397211551666,
    0.07243409752845764,
    0.017452314496040344,
    -0.01652536913752556,
    -0.03499704226851463,
    -0.08244884014129639,
    -0.06672272086143494,
    -0.1020173728466034,
    -0.17106983065605164,
    -0.06795410066843033,
    -0.05431659519672394,
    -0.020362477749586105,
    -0.018360868096351624,
    0.033639706671237946,
    6.348919123411179e-05,
    0.03501401096582413,
    0.05493597313761711,
    0.07643169164657593,
    0.04506797716021538,
    0.032011959701776505,
    0.04866920784115791,
    0.06981761753559113,
    0.07629421353340149,
    0.07745920121669769,
    0.08086910098791122,
    0.07548561692237854,
    0.06909101456403732,
    0.0767841711640358,
    0.08484888821840286,
    0.08917949348688126,
    0.10550089925527573,
    0.11909541487693787,
    0.1195748820900917,
    0.11722616106271744,
    0.11789818853139877,
    0.13239014148712158,
    0.12983542680740356,
    0.12892577052116394,
    0.13845214247703552,
    0.15254172682762146,
    0.13425052165985107,
    0.13764777779579163,
    0.1459762454032898,
    0.1311846524477005,
    0.12241557240486145,
    0.10484512150287628,
    0.11073904484510422,
    0.08763226121664047,
    0.055102672427892685,
    0.03525502234697342,
    0.02023734524846077,
    -0.006822579074651003,
    -0.09029010683298111,
    -0.04881850257515907
  ],
  "per_layer_cos_ulast_a": [
    0.028427226468920708,
    -0.0718572661280632,
    -0.046667780727148056,
    0.0159385334700346,
    0.08216169476509094,
    0.1099276915192604,
    0.09118159860372543,
    0.08252016454935074,
    0.11380444467067719,
    0.09743718802928925,
    0.1185661181807518,
    0.11076673865318298,
    0.10769901424646378,
    0.09528358280658722,
    0.07854490727186203,
    0.07731148600578308,
    0.06128093600273132,
    0.07023604214191437,
    0.06095539778470993,
    0.0747046023607254,
    0.059288524091243744,
    0.06140070781111717,
    0.08110018074512482,
    0.09030722826719284,
    0.0942537784576416,
    0.09566892683506012,
    0.0929885134100914,
    0.09074728190898895,
    0.09655557572841644,
    0.10646554827690125,
    0.09646295756101608,
    0.09717526286840439,
    0.08894897252321243,
    0.09267667680978775,
    0.058579541742801666,
    0.080770343542099,
    0.08238613605499268,
    0.0972992405295372,
    0.09952879697084427,
    0.12385514378547668,
    0.10142329335212708,
    0.11352752149105072,
    0.12074379622936249,
    0.13028600811958313,
    0.11519525945186615,
    0.08455817401409149,
    0.0929407924413681,
    0.10018342733383179,
    0.09942078590393066,
    0.10487143695354462,
    0.11117550730705261,
    0.10616227984428406,
    0.10484585165977478,
    0.1151677668094635,
    0.12012426555156708,
    0.11900856345891953,
    0.12540356814861298,
    0.128388911485672,
    0.12845391035079956,
    0.12729902565479279,
    0.1152237057685852,
    0.10352697968482971,
    0.10778345912694931,
    0.12267967313528061,
    0.108070969581604,
    0.09627975523471832,
    0.10136888921260834,
    0.10846410691738129,
    0.09136126935482025,
    0.07258705794811249,
    0.09756757318973541,
    0.10745014250278473,
    0.10267599672079086,
    0.11102088540792465,
    0.10275938361883163,
    0.09873845428228378,
    0.08161868155002594,
    0.07434143871068954,
    0.020010419189929962,
    0.03295986354351044
  ]
}